group,id,day,size
Grp. A1 B6 (100% C1),424,7,1.0
Grp. A1 B6 (100% C1),424,10,1.414649240445315
Grp. A1 B6 (100% C1),424,14,1.8193360699070187
Grp. A1 B6 (100% C1),424,17,3.819556783903971
Grp. A1 B6 (100% C1),424,21,4.379808575893273
Grp. A1 B6 (100% C1),424,24,4.086729988804926
Grp. A1 B6 (100% C1),424,28,4.285795549958018
Grp. A1 B6 (100% C1),424,31,4.568845818950773
Grp. A1 B6 (100% C1),424,35,4.596368986534814
Grp. A1 B6 (100% C1),424,38,5.214262524489224
Grp. A1 B6 (100% C1),424,42,6.740936110333675
Grp. A1 B6 (100% C1),424,45,9.523077790216748
Grp. A1 B6 (100% C1),424,49,12.152027630064994
Grp. A1 B6 (100% C1),424,52,19.368416596697454
Grp. A1 B6 (100% C1),425,7,1.0
Grp. A1 B6 (100% C1),425,10,2.5003399569521343
Grp. A1 B6 (100% C1),425,14,2.227700017635178
Grp. A1 B6 (100% C1),425,17,2.563371264830897
Grp. A1 B6 (100% C1),425,21,2.165456089052331
Grp. A1 B6 (100% C1),425,24,1.1985968096542827
Grp. A1 B6 (100% C1),425,28,1.8046468464246903
Grp. A1 B6 (100% C1),425,31,2.19698288122921
Grp. A1 B6 (100% C1),425,35,3.6884982905212524
Grp. A1 B6 (100% C1),425,38,4.670457212395007
Grp. A1 B6 (100% C1),425,42,4.642245391652707
Grp. A1 B6 (100% C1),425,45,5.665508071141082
Grp. A1 B6 (100% C1),425,49,5.825167528173231
Grp. A1 B6 (100% C1),425,52,7.007260030119632
Grp. A1 B6 (100% C1),425,56,8.85343361773477
Grp. A1 B6 (100% C1),425,59,10.056817418662911
Grp. A1 B6 (100% C1),425,63,14.350573464958853
Grp. A1 B6 (100% C1),425,66,14.539931730263048
Grp. A1 B6 (100% C1),425,70,21.19117738676072
Grp. A1 B6 (100% C1),425,73,22.22489335684661
Grp. A1 B6 (100% C1),425,77,28.946529785824385
Grp. A1 B6 (100% C1),425,80,30.295364919843095
Grp. A1 B6 (100% C1),425,84,39.320642788780084
Grp. A1 B6 (100% C1),425,87,49.99200738458581
Grp. A1 B6 (100% C1),426,7,1.0
Grp. A1 B6 (100% C1),426,10,2.219276766947766
Grp. A1 B6 (100% C1),426,14,2.5316116552373233
Grp. A1 B6 (100% C1),426,17,3.6328009813122497
Grp. A1 B6 (100% C1),426,21,3.6645711000311034
Grp. A1 B6 (100% C1),426,24,3.640475449913983
Grp. A1 B6 (100% C1),426,28,3.6050420168067223
Grp. A1 B6 (100% C1),426,31,4.7103795852582335
Grp. A1 B6 (100% C1),426,35,6.145030805143721
Grp. A1 B6 (100% C1),426,38,8.432825201062638
Grp. A1 B6 (100% C1),426,42,8.592873738182982
Grp. A1 B6 (100% C1),426,45,9.371266051685856
Grp. A1 B6 (100% C1),426,49,11.898909639965584
Grp. A1 B6 (100% C1),427,7,1.0
Grp. A1 B6 (100% C1),427,10,1.5959348759192091
Grp. A1 B6 (100% C1),427,14,2.1192482483219286
Grp. A1 B6 (100% C1),427,17,3.058403855049867
Grp. A1 B6 (100% C1),427,21,3.184622698891896
Grp. A1 B6 (100% C1),427,24,3.085668909070102
Grp. A1 B6 (100% C1),427,28,3.0647136629964273
Grp. A1 B6 (100% C1),427,31,3.175425236115596
Grp. A1 B6 (100% C1),427,35,3.638297872340426
Grp. A1 B6 (100% C1),427,38,4.589886541418498
Grp. A1 B6 (100% C1),427,42,4.676788912666257
Grp. A1 B6 (100% C1),427,45,6.02618835651582
Grp. A1 B6 (100% C1),427,49,7.952821952164329
Grp. A1 B6 (100% C1),427,52,8.969373086968039
Grp. A1 B6 (100% C1),427,56,11.110730064306349
Grp. A1 B6 (100% C1),427,59,15.18942863156917
Grp. A1 B6 (100% C1),427,63,19.57592248637607
Grp. A1 B6 (100% C1),427,66,21.77322891588274
Grp. A1 B6 (100% C1),427,70,27.05175329586383
Grp. A1 B6 (100% C1),428,7,1.0
Grp. A1 B6 (100% C1),428,10,2.8471748010014957
Grp. A1 B6 (100% C1),428,14,3.1282025757679275
Grp. A1 B6 (100% C1),428,17,3.382067348382785
Grp. A1 B6 (100% C1),428,21,2.126187024217762
Grp. A1 B6 (100% C1),428,24,1.1911037598340812
Grp. A1 B6 (100% C1),428,28,1.2234746788641637
Grp. A1 B6 (100% C1),428,31,1.630078521782666
Grp. A1 B6 (100% C1),428,35,1.7169137036276316
Grp. A1 B6 (100% C1),428,38,1.752313055202755
Grp. A1 B6 (100% C1),428,42,1.6800348889912384
Grp. A1 B6 (100% C1),428,45,1.679583689935405
Grp. A1 B6 (100% C1),428,49,1.6714303710522236
Grp. A1 B6 (100% C1),428,52,1.6999669871433591
Grp. A1 B6 (100% C1),428,56,1.691238031155688
Grp. A1 B6 (100% C1),428,59,1.502304272608284
Grp. A1 B6 (100% C1),428,63,1.5412892665488325
Grp. A1 B6 (100% C1),428,66,1.674420494243467
Grp. A1 B6 (100% C1),428,70,1.945697056742457
Grp. A1 B6 (100% C1),428,73,1.945697056742457
Grp. A1 B6 (100% C1),428,77,2.1009577015163607
Grp. A1 B6 (100% C1),428,80,2.087105233154714
Grp. A1 B6 (100% C1),428,84,2.764793068065215
Grp. A1 B6 (100% C1),428,87,3.402382486191929
Grp. A1 B6 (100% C1),428,91,3.808762022725259
Grp. A1 B6 (100% C1),428,94,4.4612803966672265
Grp. A1 B6 (100% C1),428,98,6.164164390555833
Grp. A1 B6 (100% C1),428,101,8.290369168545853
Grp. A1 B6 (100% C1),428,105,9.85098192100234
Grp. A1 B6 (100% C1),429,7,1.0
Grp. A1 B6 (100% C1),429,10,1.8294415526928367
Grp. A1 B6 (100% C1),429,14,2.9127797108921643
Grp. A1 B6 (100% C1),429,17,3.4245715667679186
Grp. A1 B6 (100% C1),429,21,3.4155849666947815
Grp. A1 B6 (100% C1),429,24,3.229136961672209
Grp. A1 B6 (100% C1),429,28,3.313982209765769
Grp. A1 B6 (100% C1),429,31,4.502309148796034
Grp. A1 B6 (100% C1),429,35,6.624724628426138
Grp. A1 B6 (100% C1),429,38,6.903388136930852
Grp. A2 B6 (80% C1; 20% C11),430,7,1.0
Grp. A2 B6 (80% C1; 20% C11),430,10,1.6282102535612173
Grp. A2 B6 (80% C1; 20% C11),430,14,2.396260115195096
Grp. A2 B6 (80% C1; 20% C11),430,17,2.8611860627658974
Grp. A2 B6 (80% C1; 20% C11),430,21,2.859868841767817
Grp. A2 B6 (80% C1; 20% C11),430,24,2.896601102120798
Grp. A2 B6 (80% C1; 20% C11),430,28,2.9640497672188344
Grp. A2 B6 (80% C1; 20% C11),430,31,4.727511516668408
Grp. A2 B6 (80% C1; 20% C11),430,35,5.80813971328424
Grp. A2 B6 (80% C1; 20% C11),430,38,6.791407007082439
Grp. A2 B6 (80% C1; 20% C11),430,42,8.202606073772245
Grp. A2 B6 (80% C1; 20% C11),430,45,9.302007062769832
Grp. A2 B6 (80% C1; 20% C11),431,7,1.0
Grp. A2 B6 (80% C1; 20% C11),431,10,1.321510213928159
Grp. A2 B6 (80% C1; 20% C11),431,14,1.8866440123869377
Grp. A2 B6 (80% C1; 20% C11),431,17,3.066320993877992
Grp. A2 B6 (80% C1; 20% C11),431,21,3.3269923240730557
Grp. A2 B6 (80% C1; 20% C11),431,24,3.051235054301278
Grp. A2 B6 (80% C1; 20% C11),431,28,1.801680427558327
Grp. A2 B6 (80% C1; 20% C11),431,31,1.747562380963724
Grp. A2 B6 (80% C1; 20% C11),431,35,2.330956388059897
Grp. A2 B6 (80% C1; 20% C11),431,38,3.1727187954252485
Grp. A2 B6 (80% C1; 20% C11),431,42,3.219669991038441
Grp. A2 B6 (80% C1; 20% C11),431,45,4.058585041665129
Grp. A2 B6 (80% C1; 20% C11),431,49,4.854868770527811
Grp. A2 B6 (80% C1; 20% C11),431,52,6.787154193953648
Grp. A2 B6 (80% C1; 20% C11),431,56,8.605278674308018
Grp. A2 B6 (80% C1; 20% C11),431,59,10.703413582451326
Grp. A2 B6 (80% C1; 20% C11),431,63,12.240288101359477
Grp. A2 B6 (80% C1; 20% C11),431,66,16.832393032361736
Grp. A2 B6 (80% C1; 20% C11),431,70,21.732042622401014
Grp. A2 B6 (80% C1; 20% C11),431,73,27.23525803130975
Grp. A2 B6 (80% C1; 20% C11),431,77,47.42938067493836
Grp. A2 B6 (80% C1; 20% C11),432,7,1.0
Grp. A2 B6 (80% C1; 20% C11),432,10,1.4545005401955469
Grp. A2 B6 (80% C1; 20% C11),432,14,1.6458616407334357
Grp. A2 B6 (80% C1; 20% C11),432,17,1.927805075915737
Grp. A2 B6 (80% C1; 20% C11),432,21,0.004272009070329658
Grp. A2 B6 (80% C1; 20% C11),432,24,0.004272009070329658
Grp. A2 B6 (80% C1; 20% C11),432,28,0.004272009070329658
Grp. A2 B6 (80% C1; 20% C11),432,31,0.004272009070329658
Grp. A2 B6 (80% C1; 20% C11),432,35,0.004272009070329658
Grp. A2 B6 (80% C1; 20% C11),432,38,0.004272009070329658
Grp. A2 B6 (80% C1; 20% C11),432,42,0.004272009070329658
Grp. A2 B6 (80% C1; 20% C11),432,45,0.6294952535843223
Grp. A2 B6 (80% C1; 20% C11),432,49,1.9544731993374969
Grp. A2 B6 (80% C1; 20% C11),432,52,2.7122568639437734
Grp. A2 B6 (80% C1; 20% C11),432,56,3.0330184435447594
Grp. A2 B6 (80% C1; 20% C11),432,59,3.3499386325897045
Grp. A2 B6 (80% C1; 20% C11),432,63,3.643812272542217
Grp. A2 B6 (80% C1; 20% C11),432,66,4.698097418040438
Grp. A2 B6 (80% C1; 20% C11),432,70,5.157803657608725
Grp. A2 B6 (80% C1; 20% C11),432,73,4.805965091705082
Grp. A2 B6 (80% C1; 20% C11),432,77,6.117239479002861
Grp. A2 B6 (80% C1; 20% C11),432,80,6.309034765182614
Grp. A2 B6 (80% C1; 20% C11),432,84,9.007392028174754
Grp. A2 B6 (80% C1; 20% C11),432,87,10.264851746333227
Grp. A2 B6 (80% C1; 20% C11),432,91,11.838430395515415
Grp. A2 B6 (80% C1; 20% C11),432,94,15.899221746747612
Grp. A2 B6 (80% C1; 20% C11),432,98,20.935724804010903
Grp. A2 B6 (80% C1; 20% C11),432,101,34.27347436944078
Grp. A2 B6 (80% C1; 20% C11),432,105,49.92445165559575
Grp. A2 B6 (80% C1; 20% C11),433,7,1.0
Grp. A2 B6 (80% C1; 20% C11),433,10,1.957847143579611
Grp. A2 B6 (80% C1; 20% C11),433,14,2.810742624859416
Grp. A2 B6 (80% C1; 20% C11),433,17,2.8955982435128833
Grp. A2 B6 (80% C1; 20% C11),433,21,2.577758380918984
Grp. A2 B6 (80% C1; 20% C11),433,24,2.1209595719578407
Grp. A2 B6 (80% C1; 20% C11),433,28,2.163671113058186
Grp. A2 B6 (80% C1; 20% C11),433,31,2.284965032129438
Grp. A2 B6 (80% C1; 20% C11),433,35,2.832138832940224
Grp. A2 B6 (80% C1; 20% C11),433,38,2.9429338755442895
Grp. A2 B6 (80% C1; 20% C11),433,42,3.0560352056501356
Grp. A2 B6 (80% C1; 20% C11),433,45,3.1120957949996217
Grp. A2 B6 (80% C1; 20% C11),433,49,3.251067656236264
Grp. A2 B6 (80% C1; 20% C11),433,52,4.200854644016729
Grp. A2 B6 (80% C1; 20% C11),433,56,5.128601930718234
Grp. A2 B6 (80% C1; 20% C11),433,59,6.72113386795351
Grp. A2 B6 (80% C1; 20% C11),433,63,9.638524159280523
Grp. A2 B6 (80% C1; 20% C11),433,66,10.621665368556718
Grp. A2 B6 (80% C1; 20% C11),433,70,13.647174283344368
Grp. A2 B6 (80% C1; 20% C11),433,73,16.313981033429602
Grp. A2 B6 (80% C1; 20% C11),433,77,19.803200097836726
Grp. A2 B6 (80% C1; 20% C11),433,80,20.90082694091226
Grp. A2 B6 (80% C1; 20% C11),433,84,21.771378021836146
Grp. A2 B6 (80% C1; 20% C11),433,87,22.262037550357853
Grp. A2 B6 (80% C1; 20% C11),433,91,23.407381936602714
Grp. A2 B6 (80% C1; 20% C11),433,94,30.902910553358158
Grp. A2 B6 (80% C1; 20% C11),433,98,33.447474090785086
Grp. A2 B6 (80% C1; 20% C11),433,101,40.1678795155006
Grp. A2 B6 (80% C1; 20% C11),434,7,1.0
Grp. A2 B6 (80% C1; 20% C11),434,10,1.6274399570575286
Grp. A2 B6 (80% C1; 20% C11),434,14,2.550143073942051
Grp. A2 B6 (80% C1; 20% C11),434,17,2.94916706213519
Grp. A2 B6 (80% C1; 20% C11),434,21,3.0403978342494806
Grp. A2 B6 (80% C1; 20% C11),434,24,3.2586101355362085
Grp. A2 B6 (80% C1; 20% C11),434,28,3.103372251558172
Grp. A2 B6 (80% C1; 20% C11),434,31,3.3350273829748094
Grp. A2 B6 (80% C1; 20% C11),434,35,5.381138513623182
Grp. A2 B6 (80% C1; 20% C11),434,38,5.711965460526316
Grp. A2 B6 (80% C1; 20% C11),434,42,5.91134845233973
Grp. A2 B6 (80% C1; 20% C11),434,45,6.5992260152849225
Grp. A2 B6 (80% C1; 20% C11),434,49,11.056717142362483
Grp. A2 B6 (80% C1; 20% C11),435,7,1.0
Grp. A2 B6 (80% C1; 20% C11),435,10,1.8459813137219754
Grp. A2 B6 (80% C1; 20% C11),435,14,2.5849544862680243
Grp. A2 B6 (80% C1; 20% C11),435,17,3.4450518327430064
Grp. A2 B6 (80% C1; 20% C11),435,21,3.149320863001139
Grp. A2 B6 (80% C1; 20% C11),435,24,3.171134125291908
Grp. A2 B6 (80% C1; 20% C11),435,28,3.175652977240279
Grp. A2 B6 (80% C1; 20% C11),435,31,4.48763489180452
Grp. A2 B6 (80% C1; 20% C11),435,35,5.247250213477279
Grp. A2 B6 (80% C1; 20% C11),435,38,6.14751497613971
Grp. A2 B6 (80% C1; 20% C11),435,42,6.371061359867331
Grp. A2 B6 (80% C1; 20% C11),435,45,9.52482680519744
Grp. A2 B6 (80% C1; 20% C11),435,49,11.722611432632753
Grp. A2 B6 (80% C1; 20% C11),435,52,16.874150634805034
Grp. A3 B6 (50% C1; 50% C11),436,7,1.0
Grp. A3 B6 (50% C1; 50% C11),436,10,1.3771145228773427
Grp. A3 B6 (50% C1; 50% C11),436,14,1.9019896131271319
Grp. A3 B6 (50% C1; 50% C11),436,17,1.9718469161476513
Grp. A3 B6 (50% C1; 50% C11),436,21,0.00505247245265707
Grp. A3 B6 (50% C1; 50% C11),436,24,0.0
Grp. A3 B6 (50% C1; 50% C11),436,28,0.0
Grp. A3 B6 (50% C1; 50% C11),436,31,0.0
Grp. A3 B6 (50% C1; 50% C11),436,35,0.00505247245265707
Grp. A3 B6 (50% C1; 50% C11),436,38,0.00505247245265707
Grp. A3 B6 (50% C1; 50% C11),436,42,0.00505247245265707
Grp. A3 B6 (50% C1; 50% C11),436,45,0.00505247245265707
Grp. A3 B6 (50% C1; 50% C11),436,49,1.1097250495015987
Grp. A3 B6 (50% C1; 50% C11),436,52,1.6079015869310724
Grp. A3 B6 (50% C1; 50% C11),436,56,2.6477980819804077
Grp. A3 B6 (50% C1; 50% C11),436,59,4.032860522961213
Grp. A3 B6 (50% C1; 50% C11),436,63,6.750204852495592
Grp. A3 B6 (50% C1; 50% C11),436,66,10.003935471842823
Grp. A3 B6 (50% C1; 50% C11),436,70,20.543140308675753
Grp. A3 B6 (50% C1; 50% C11),436,73,30.642234930874597
Grp. A3 B6 (50% C1; 50% C11),436,77,53.36439977385133
Grp. A3 B6 (50% C1; 50% C11),437,7,1.0
Grp. A3 B6 (50% C1; 50% C11),437,10,1.5793886995562632
Grp. A3 B6 (50% C1; 50% C11),437,14,2.1359849833077864
Grp. A3 B6 (50% C1; 50% C11),437,17,2.278035791439767
Grp. A3 B6 (50% C1; 50% C11),437,21,2.3458886014080913
Grp. A3 B6 (50% C1; 50% C11),437,24,1.3874475798539978
Grp. A3 B6 (50% C1; 50% C11),437,28,1.4757792001128167
Grp. A3 B6 (50% C1; 50% C11),437,31,1.7489466797928963
Grp. A3 B6 (50% C1; 50% C11),437,35,2.6775242706532754
Grp. A3 B6 (50% C1; 50% C11),437,38,2.80830478855512
Grp. A3 B6 (50% C1; 50% C11),437,42,2.980919587121748
Grp. A3 B6 (50% C1; 50% C11),437,45,3.0561027110628025
Grp. A3 B6 (50% C1; 50% C11),437,49,3.147783047714324
Grp. A3 B6 (50% C1; 50% C11),437,52,5.589352352463059
Grp. A3 B6 (50% C1; 50% C11),437,56,5.952684195536447
Grp. A3 B6 (50% C1; 50% C11),437,59,9.272262676908731
Grp. A3 B6 (50% C1; 50% C11),438,7,1.0
Grp. A3 B6 (50% C1; 50% C11),438,10,1.418678977272727
Grp. A3 B6 (50% C1; 50% C11),438,14,1.5079616848457893
Grp. A3 B6 (50% C1; 50% C11),438,17,1.5889645545019864
Grp. A3 B6 (50% C1; 50% C11),438,21,1.1982153259353234
Grp. A3 B6 (50% C1; 50% C11),438,24,0.4748972409411866
Grp. A3 B6 (50% C1; 50% C11),438,28,0.46811308179720595
Grp. A3 B6 (50% C1; 50% C11),438,31,0.47149906050665674
Grp. A3 B6 (50% C1; 50% C11),438,35,0.728110737012626
Grp. A3 B6 (50% C1; 50% C11),438,38,0.7179548739929036
Grp. A3 B6 (50% C1; 50% C11),438,42,0.7224368953630602
Grp. A3 B6 (50% C1; 50% C11),438,45,0.7224368953630602
Grp. A3 B6 (50% C1; 50% C11),438,49,0.7224368953630602
Grp. A3 B6 (50% C1; 50% C11),438,52,0.003948778342751433
Grp. A3 B6 (50% C1; 50% C11),438,56,0.003948778342751433
Grp. A3 B6 (50% C1; 50% C11),438,59,0.003948778342751433
Grp. A3 B6 (50% C1; 50% C11),438,63,0.0
Grp. A3 B6 (50% C1; 50% C11),438,66,0.003948778342751433
Grp. A3 B6 (50% C1; 50% C11),438,70,0.003948778342751433
Grp. A3 B6 (50% C1; 50% C11),438,73,0.0
Grp. A3 B6 (50% C1; 50% C11),438,77,0.003948778342751433
Grp. A3 B6 (50% C1; 50% C11),438,80,0.003948778342751433
Grp. A3 B6 (50% C1; 50% C11),438,84,0.003948778342751433
Grp. A3 B6 (50% C1; 50% C11),438,87,0.0
Grp. A3 B6 (50% C1; 50% C11),438,91,0.0
Grp. A3 B6 (50% C1; 50% C11),438,94,0.0
Grp. A3 B6 (50% C1; 50% C11),438,98,0.49470887394741364
Grp. A3 B6 (50% C1; 50% C11),438,101,0.984487500694985
Grp. A3 B6 (50% C1; 50% C11),438,105,1.4564389727363707
Grp. A3 B6 (50% C1; 50% C11),439,7,1.0
Grp. A3 B6 (50% C1; 50% C11),439,10,1.4850904247428798
Grp. A3 B6 (50% C1; 50% C11),439,14,1.545125995104826
Grp. A3 B6 (50% C1; 50% C11),439,17,1.5992247934247539
Grp. A3 B6 (50% C1; 50% C11),439,21,1.57780071532173
Grp. A3 B6 (50% C1; 50% C11),439,24,0.7071249059148645
Grp. A3 B6 (50% C1; 50% C11),439,28,0.671807698224332
Grp. A3 B6 (50% C1; 50% C11),439,31,0.7019444719145569
Grp. A3 B6 (50% C1; 50% C11),439,35,0.9949367088607596
Grp. A3 B6 (50% C1; 50% C11),439,38,1.0382981441191983
Grp. A3 B6 (50% C1; 50% C11),439,42,1.10054081784019
Grp. A3 B6 (50% C1; 50% C11),439,45,1.4875711475914206
Grp. A3 B6 (50% C1; 50% C11),439,49,3.5621279173259492
Grp. A3 B6 (50% C1; 50% C11),439,52,3.2755848558643197
Grp. A3 B6 (50% C1; 50% C11),439,56,3.3343506546127815
Grp. A3 B6 (50% C1; 50% C11),439,59,3.6091057928973274
Grp. A3 B6 (50% C1; 50% C11),439,63,3.2
Grp. A3 B6 (50% C1; 50% C11),439,66,4.121548122829862
Grp. A3 B6 (50% C1; 50% C11),439,70,4.44142959959564
Grp. A3 B6 (50% C1; 50% C11),439,73,5.256768618555512
Grp. A3 B6 (50% C1; 50% C11),439,77,8.47709754911656
Grp. A3 B6 (50% C1; 50% C11),439,80,12.055968980748945
Grp. A3 B6 (50% C1; 50% C11),439,84,18.78236995648734
Grp. A3 B6 (50% C1; 50% C11),440,7,1.0
Grp. A3 B6 (50% C1; 50% C11),440,10,1.4653876170655566
Grp. A3 B6 (50% C1; 50% C11),440,14,1.6039362042743937
Grp. A3 B6 (50% C1; 50% C11),440,17,1.6619056671736172
Grp. A3 B6 (50% C1; 50% C11),440,21,1.0300039688892446
Grp. A3 B6 (50% C1; 50% C11),440,24,0.8517433466444913
Grp. A3 B6 (50% C1; 50% C11),440,28,0.661870647562635
Grp. A3 B6 (50% C1; 50% C11),440,31,0.7410790042423758
Grp. A3 B6 (50% C1; 50% C11),440,35,1.133862740912689
Grp. A3 B6 (50% C1; 50% C11),440,38,1.1389359522814257
Grp. A3 B6 (50% C1; 50% C11),440,42,1.2494923082852323
Grp. A3 B6 (50% C1; 50% C11),440,45,1.6577793193818169
Grp. A3 B6 (50% C1; 50% C11),440,49,1.9372478217431393
Grp. A3 B6 (50% C1; 50% C11),440,52,3.711710557912431
Grp. A3 B6 (50% C1; 50% C11),440,56,6.242044878465274
Grp. A3 B6 (50% C1; 50% C11),440,59,9.903174963164558
Grp. A3 B6 (50% C1; 50% C11),440,63,18.43660737049785
Grp. A3 B6 (50% C1; 50% C11),441,7,1.0
Grp. A3 B6 (50% C1; 50% C11),441,10,1.5620197056412648
Grp. A3 B6 (50% C1; 50% C11),441,14,1.7901523437283047
Grp. A3 B6 (50% C1; 50% C11),441,17,1.7894031432145934
Grp. A3 B6 (50% C1; 50% C11),441,21,0.9806257308697953
Grp. A3 B6 (50% C1; 50% C11),441,24,1.5967007499124162
Grp. A3 B6 (50% C1; 50% C11),441,28,0.4267919050197064
Grp. A3 B6 (50% C1; 50% C11),441,31,0.633474833131776
Grp. A3 B6 (50% C1; 50% C11),441,35,0.7318945357167702
Grp. A3 B6 (50% C1; 50% C11),441,38,0.7456348495104399
Grp. A3 B6 (50% C1; 50% C11),441,42,0.743706299897029
Grp. A3 B6 (50% C1; 50% C11),441,45,0.9264503913453049
Grp. A3 B6 (50% C1; 50% C11),441,49,0.9312075100543167
Grp. A3 B6 (50% C1; 50% C11),441,52,0.9312075100543167
Grp. A3 B6 (50% C1; 50% C11),441,56,0.7564009150522824
Grp. A3 B6 (50% C1; 50% C11),441,59,0.47486832798286555
Grp. A3 B6 (50% C1; 50% C11),441,63,0.650115673392579
Grp. A3 B6 (50% C1; 50% C11),441,66,0.6026429865850288
Grp. A3 B6 (50% C1; 50% C11),441,70,0.7897942138847411
Grp. A3 B6 (50% C1; 50% C11),441,73,1.1970496771906396
Grp. A3 B6 (50% C1; 50% C11),441,77,1.7060194320498259
Grp. A3 B6 (50% C1; 50% C11),441,80,2.3337295438157337
Grp. A3 B6 (50% C1; 50% C11),441,84,4.7239927111018325
Grp. A3 B6 (50% C1; 50% C11),441,87,5.61160783177281
Grp. A3 B6 (50% C1; 50% C11),441,91,9.263750248206904
Grp. A3 B6 (50% C1; 50% C11),441,94,15.365292900716412
Grp. A3 B6 (50% C1; 50% C11),441,98,35.73287128415739
Grp. A4 B6 (20% C1; 80% C11),442,7,1.0
Grp. A4 B6 (20% C1; 80% C11),442,10,1.6113605720124327
Grp. A4 B6 (20% C1; 80% C11),442,14,1.7889337069975646
Grp. A4 B6 (20% C1; 80% C11),442,17,2.473892487451315
Grp. A4 B6 (20% C1; 80% C11),442,21,2.490093260921532
Grp. A4 B6 (20% C1; 80% C11),442,24,2.3497204632250233
Grp. A4 B6 (20% C1; 80% C11),442,28,2.2820979811794797
Grp. A4 B6 (20% C1; 80% C11),442,31,2.6170557888171406
Grp. A4 B6 (20% C1; 80% C11),442,35,4.043233082706767
Grp. A4 B6 (20% C1; 80% C11),442,38,5.250143522514779
Grp. A4 B6 (20% C1; 80% C11),442,42,8.460815825000756
Grp. A4 B6 (20% C1; 80% C11),442,45,10.841508202639563
Grp. A4 B6 (20% C1; 80% C11),443,7,1.0
Grp. A4 B6 (20% C1; 80% C11),443,10,1.1249526299312929
Grp. A4 B6 (20% C1; 80% C11),443,14,1.3452769981930721
Grp. A4 B6 (20% C1; 80% C11),443,17,1.4661489369881973
Grp. A4 B6 (20% C1; 80% C11),443,21,1.5169599674862833
Grp. A4 B6 (20% C1; 80% C11),443,24,1.2991754770417643
Grp. A4 B6 (20% C1; 80% C11),443,28,1.0829919759222746
Grp. A4 B6 (20% C1; 80% C11),443,31,1.1048476194137646
Grp. A4 B6 (20% C1; 80% C11),443,35,1.4954195203128346
Grp. A4 B6 (20% C1; 80% C11),443,38,1.7123666910153397
Grp. A4 B6 (20% C1; 80% C11),443,42,2.0937076072211207
Grp. A4 B6 (20% C1; 80% C11),443,45,2.216522130746882
Grp. A4 B6 (20% C1; 80% C11),443,49,2.7918530255514606
Grp. A4 B6 (20% C1; 80% C11),443,52,3.464258711058142
Grp. A4 B6 (20% C1; 80% C11),443,56,6.966982668504717
Grp. A4 B6 (20% C1; 80% C11),444,7,1.0
Grp. A4 B6 (20% C1; 80% C11),444,10,1.6741812589563454
Grp. A4 B6 (20% C1; 80% C11),444,14,1.8505210134170784
Grp. A4 B6 (20% C1; 80% C11),444,17,1.9435143276974616
Grp. A4 B6 (20% C1; 80% C11),444,21,1.609464847797371
Grp. A4 B6 (20% C1; 80% C11),444,24,1.4628436413088535
Grp. A4 B6 (20% C1; 80% C11),444,28,1.1609547352330247
Grp. A4 B6 (20% C1; 80% C11),444,31,1.1827837195484254
Grp. A4 B6 (20% C1; 80% C11),444,35,1.4442239930547431
Grp. A4 B6 (20% C1; 80% C11),444,38,1.580800426120567
Grp. A4 B6 (20% C1; 80% C11),444,42,1.7161231694103667
Grp. A4 B6 (20% C1; 80% C11),444,45,3.2069427076969474
Grp. A4 B6 (20% C1; 80% C11),444,49,3.8842075600293593
Grp. A4 B6 (20% C1; 80% C11),444,52,6.06609923767978
Grp. A4 B6 (20% C1; 80% C11),444,56,9.990806864723764
Grp. A4 B6 (20% C1; 80% C11),444,59,15.71309917066516
Grp. A4 B6 (20% C1; 80% C11),444,63,26.534130229631963
Grp. A4 B6 (20% C1; 80% C11),444,66,58.86317491596453
Grp. A4 B6 (20% C1; 80% C11),445,7,1.0
Grp. A4 B6 (20% C1; 80% C11),445,10,1.6256051631515196
Grp. A4 B6 (20% C1; 80% C11),445,14,2.019132509176984
Grp. A4 B6 (20% C1; 80% C11),445,17,2.1558622666457086
Grp. A4 B6 (20% C1; 80% C11),445,21,2.154299969487106
Grp. A4 B6 (20% C1; 80% C11),445,24,2.1423321097354626
Grp. A4 B6 (20% C1; 80% C11),445,28,1.5956690183169828
Grp. A4 B6 (20% C1; 80% C11),445,31,1.6248495529398712
Grp. A4 B6 (20% C1; 80% C11),445,35,1.6980162920361346
Grp. A4 B6 (20% C1; 80% C11),445,38,1.7974868470934158
Grp. A4 B6 (20% C1; 80% C11),445,42,2.242817005852928
Grp. A4 B6 (20% C1; 80% C11),445,45,2.2336173683091234
Grp. A4 B6 (20% C1; 80% C11),445,49,2.6641906223705747
Grp. A4 B6 (20% C1; 80% C11),445,52,4.942224038612681
Grp. A4 B6 (20% C1; 80% C11),445,56,9.037033222069145
Grp. A4 B6 (20% C1; 80% C11),445,59,12.39292226609093
Grp. A4 B6 (20% C1; 80% C11),445,63,19.977889580309014
Grp. A4 B6 (20% C1; 80% C11),445,66,28.471015654039263
Grp. A4 B6 (20% C1; 80% C11),445,70,41.49532028367745
Grp. A4 B6 (20% C1; 80% C11),446,7,1.0
Grp. A4 B6 (20% C1; 80% C11),446,10,1.347127820156599
Grp. A4 B6 (20% C1; 80% C11),446,14,1.6755275785002381
Grp. A4 B6 (20% C1; 80% C11),446,17,1.706207802273477
Grp. A4 B6 (20% C1; 80% C11),446,21,1.729254748223724
Grp. A4 B6 (20% C1; 80% C11),446,24,2.2688845697453615
Grp. A4 B6 (20% C1; 80% C11),446,28,1.7549303347390663
Grp. A4 B6 (20% C1; 80% C11),446,31,1.7501927502632448
Grp. A4 B6 (20% C1; 80% C11),446,35,3.0914682185375044
Grp. A4 B6 (20% C1; 80% C11),446,38,3.3182256520232594
Grp. A4 B6 (20% C1; 80% C11),446,42,3.3147151593900968
Grp. A4 B6 (20% C1; 80% C11),446,45,5.259273023237266
Grp. A4 B6 (20% C1; 80% C11),446,49,7.001635880075926
Grp. A4 B6 (20% C1; 80% C11),446,52,12.70876390077087
Grp. A4 B6 (20% C1; 80% C11),446,56,19.774637092567506
Grp. A4 B6 (20% C1; 80% C11),447,7,1.0
Grp. A4 B6 (20% C1; 80% C11),447,10,1.3455063673236218
Grp. A4 B6 (20% C1; 80% C11),447,14,1.6316874035989717
Grp. A4 B6 (20% C1; 80% C11),447,17,2.4216721439588693
Grp. A4 B6 (20% C1; 80% C11),447,21,2.611373737789203
Grp. A4 B6 (20% C1; 80% C11),447,24,2.3729209620108542
Grp. A4 B6 (20% C1; 80% C11),447,28,2.3974510414167383
Grp. A4 B6 (20% C1; 80% C11),447,31,2.516442177663525
Grp. A4 B6 (20% C1; 80% C11),447,35,3.158108791773779
Grp. A4 B6 (20% C1; 80% C11),447,38,3.5626016978006283
Grp. A4 B6 (20% C1; 80% C11),447,42,3.7748647814910026
Grp. A4 B6 (20% C1; 80% C11),447,45,5.035246213081977
Grp. A4 B6 (20% C1; 80% C11),447,49,6.250180844330192
Grp. A4 B6 (20% C1; 80% C11),447,52,10.447432390745501
Grp. A4 B6 (20% C1; 80% C11),447,56,16.660304946015422
Grp. A4 B6 (20% C1; 80% C11),447,59,26.719612380462724
Grp. A4 B6 (20% C1; 80% C11),447,63,29.995276339331618
Grp. A4 B6 (20% C1; 80% C11),447,66,42.790164474150245
Grp. A5 B6 (100% C11),448,7,1.0
Grp. A5 B6 (100% C11),448,10,1.637009645739338
Grp. A5 B6 (100% C11),448,14,2.034757865131961
Grp. A5 B6 (100% C11),448,17,2.332507638480593
Grp. A5 B6 (100% C11),448,21,2.431378581253901
Grp. A5 B6 (100% C11),448,24,3.858710210830741
Grp. A5 B6 (100% C11),448,28,6.418206279726375
Grp. A5 B6 (100% C11),448,31,10.906771687865708
Grp. A5 B6 (100% C11),448,35,20.450152293152772
Grp. A5 B6 (100% C11),448,38,30.748855771485506
Grp. A5 B6 (100% C11),448,42,54.85281105724282
Grp. A5 B6 (100% C11),449,7,1.0
Grp. A5 B6 (100% C11),449,10,1.6911461947000699
Grp. A5 B6 (100% C11),449,14,2.1074883381688676
Grp. A5 B6 (100% C11),449,17,2.948348947838551
Grp. A5 B6 (100% C11),449,21,3.179868759679724
Grp. A5 B6 (100% C11),449,24,4.416357631026818
Grp. A5 B6 (100% C11),449,28,7.845069070815763
Grp. A5 B6 (100% C11),449,31,10.981462016244626
Grp. A5 B6 (100% C11),449,35,20.580383680591623
Grp. A5 B6 (100% C11),449,38,37.001596210972394
Grp. A5 B6 (100% C11),449,42,53.9762354847421
Grp. A5 B6 (100% C11),450,7,1.0
Grp. A5 B6 (100% C11),450,10,2.6950467222592804
Grp. A5 B6 (100% C11),450,14,2.916641614677789
Grp. A5 B6 (100% C11),450,17,4.127167788350717
Grp. A5 B6 (100% C11),450,21,5.226245471627992
Grp. A5 B6 (100% C11),450,24,8.930959028837298
Grp. A5 B6 (100% C11),450,28,12.294832086719364
Grp. A5 B6 (100% C11),450,31,21.557294183585235
Grp. A5 B6 (100% C11),451,7,1.0
Grp. A5 B6 (100% C11),451,10,1.9295997900084012
Grp. A5 B6 (100% C11),451,14,2.634598470979868
Grp. A5 B6 (100% C11),451,17,3.17917202238005
Grp. A5 B6 (100% C11),451,21,3.494196368469069
Grp. A5 B6 (100% C11),451,24,5.338540001820127
Grp. A5 B6 (100% C11),451,28,10.100606621504433
Grp. A5 B6 (100% C11),452,7,1.0
Grp. A5 B6 (100% C11),452,10,1.3135143396208313
Grp. A5 B6 (100% C11),452,14,1.655682541376754
Grp. A5 B6 (100% C11),452,17,2.6130124594687514
Grp. A5 B6 (100% C11),452,21,2.92797228254957
Grp. A5 B6 (100% C11),452,24,3.5429128565411836
Grp. A5 B6 (100% C11),452,28,3.7667031611594015
Grp. A5 B6 (100% C11),452,31,4.852838822824127
Grp. A5 B6 (100% C11),452,35,5.342305246781747
Grp. A5 B6 (100% C11),452,38,7.004172235111078
Grp. A5 B6 (100% C11),452,42,12.74448491044509
Grp. A5 B6 (100% C11),452,45,17.407092636092575
Grp. A5 B6 (100% C11),452,49,28.286906889787787
Grp. A5 B6 (100% C11),452,52,46.36647431652635
Grp. A5 B6 (100% C11),453,7,1.0
Grp. A5 B6 (100% C11),453,10,1.410756253514673
Grp. A5 B6 (100% C11),453,14,1.878443754816404
Grp. A5 B6 (100% C11),453,17,2.3531395316546213
Grp. A5 B6 (100% C11),453,21,2.460877192982456
Grp. A5 B6 (100% C11),453,24,3.5055957067183194
Grp. A5 B6 (100% C11),453,28,6.388421052631579
Grp. A5 B6 (100% C11),453,31,7.845380140100945
Grp. A5 B6 (100% C11),453,35,14.059234825290373
Grp. A5 B6 (100% C11),453,38,22.630088031713633
Grp. A5 B6 (100% C11),453,42,36.180032352349016
Grp. B1 nude (100% C1),454,7,1.0
Grp. B1 nude (100% C1),454,10,1.8809622415871863
Grp. B1 nude (100% C1),454,14,4.3149716713881014
Grp. B1 nude (100% C1),454,17,7.118343021261163
Grp. B1 nude (100% C1),454,21,10.38378407520315
Grp. B1 nude (100% C1),454,24,18.829554535028475
Grp. B1 nude (100% C1),454,28,32.07537733907094
Grp. B1 nude (100% C1),454,31,53.53655013380123
Grp. B1 nude (100% C1),455,7,1.0
Grp. B1 nude (100% C1),455,10,2.4598833475985984
Grp. B1 nude (100% C1),455,14,5.4977969056752665
Grp. B1 nude (100% C1),455,17,10.319551190642095
Grp. B1 nude (100% C1),455,21,17.488205645329657
Grp. B1 nude (100% C1),455,24,35.22978276047476
Grp. B1 nude (100% C1),455,28,58.618698822913004
Grp. B1 nude (100% C1),456,7,1.0
Grp. B1 nude (100% C1),456,10,2.514398020462962
Grp. B1 nude (100% C1),456,14,6.346026599290462
Grp. B1 nude (100% C1),456,17,10.876083236263419
Grp. B1 nude (100% C1),456,21,17.996709961654513
Grp. B1 nude (100% C1),456,24,23.925501752181734
Grp. B1 nude (100% C1),457,7,1.0
Grp. B1 nude (100% C1),457,10,2.621086519624558
Grp. B1 nude (100% C1),457,14,6.947297093218467
Grp. B1 nude (100% C1),457,17,12.669353134715807
Grp. B1 nude (100% C1),457,21,20.13870794171978
Grp. B1 nude (100% C1),457,24,37.3751829967702
Grp. B1 nude (100% C1),457,28,70.58697668560126
Grp. B1 nude (100% C1),458,7,1.0
Grp. B1 nude (100% C1),458,10,3.2767702393457387
Grp. B1 nude (100% C1),458,14,7.090406162464986
Grp. B1 nude (100% C1),458,17,11.48162655687275
Grp. B1 nude (100% C1),459,7,1.0
Grp. B1 nude (100% C1),459,10,2.6372674095230293
Grp. B1 nude (100% C1),459,14,4.805259870818139
Grp. B1 nude (100% C1),459,17,9.80940538126317
Grp. B1 nude (100% C1),459,21,14.820040529519753
Grp. B1 nude (100% C1),459,24,26.899933014776746
Grp. B1 nude (100% C1),459,28,41.96010042759833
Grp. B1 nude (100% C1),459,31,54.32132547140839
Grp. B2 nude (80% C1; 20% C11),460,7,1.0
Grp. B2 nude (80% C1; 20% C11),460,10,2.349287675691508
Grp. B2 nude (80% C1; 20% C11),460,14,4.087157724358926
Grp. B2 nude (80% C1; 20% C11),460,17,5.752420030889024
Grp. B2 nude (80% C1; 20% C11),460,21,12.431783267663818
Grp. B2 nude (80% C1; 20% C11),460,24,21.97515230489937
Grp. B2 nude (80% C1; 20% C11),460,28,26.820069126285443
Grp. B2 nude (80% C1; 20% C11),460,31,35.96691273825666
Grp. B2 nude (80% C1; 20% C11),461,7,1.0
Grp. B2 nude (80% C1; 20% C11),461,10,2.411122991078887
Grp. B2 nude (80% C1; 20% C11),461,14,4.954333952673502
Grp. B2 nude (80% C1; 20% C11),461,17,6.6104272866072895
Grp. B2 nude (80% C1; 20% C11),461,21,14.494355481886844
Grp. B2 nude (80% C1; 20% C11),461,24,28.64690637407081
Grp. B2 nude (80% C1; 20% C11),462,7,1.0
Grp. B2 nude (80% C1; 20% C11),462,10,2.492846177394609
Grp. B2 nude (80% C1; 20% C11),462,14,6.920179560094025
Grp. B2 nude (80% C1; 20% C11),462,17,12.257419677019397
Grp. B2 nude (80% C1; 20% C11),462,21,24.12895817398474
Grp. B2 nude (80% C1; 20% C11),462,24,37.94172315922459
Grp. B2 nude (80% C1; 20% C11),462,28,71.04896796291766
Grp. B2 nude (80% C1; 20% C11),463,7,1.0
Grp. B2 nude (80% C1; 20% C11),463,10,1.7941414060268495
Grp. B2 nude (80% C1; 20% C11),463,14,4.585558166872147
Grp. B2 nude (80% C1; 20% C11),463,17,7.43061134318766
Grp. B2 nude (80% C1; 20% C11),463,21,13.208310653953097
Grp. B2 nude (80% C1; 20% C11),463,24,21.76954206596949
Grp. B2 nude (80% C1; 20% C11),463,28,38.660460167357435
Grp. B2 nude (80% C1; 20% C11),463,31,58.680519851471004
Grp. B2 nude (80% C1; 20% C11),464,7,1.0
Grp. B2 nude (80% C1; 20% C11),464,10,2.017792158019868
Grp. B2 nude (80% C1; 20% C11),464,14,4.572190422248418
Grp. B2 nude (80% C1; 20% C11),464,17,7.343129146492902
Grp. B2 nude (80% C1; 20% C11),465,7,1.0
Grp. B2 nude (80% C1; 20% C11),465,10,2.5313383873109085
Grp. B2 nude (80% C1; 20% C11),465,14,4.6473866292845125
Grp. B2 nude (80% C1; 20% C11),465,17,8.748415477747942
Grp. B2 nude (80% C1; 20% C11),465,21,18.5809119517699
Grp. B2 nude (80% C1; 20% C11),465,24,36.833163278934165
Grp. B2 nude (80% C1; 20% C11),465,28,68.71670324803061
Grp. B3 nude (50% C1; 50% C11),466,7,1.0
Grp. B3 nude (50% C1; 50% C11),466,10,2.0906784667198504
Grp. B3 nude (50% C1; 50% C11),466,14,4.181535932506125
Grp. B3 nude (50% C1; 50% C11),466,17,6.565633349403828
Grp. B3 nude (50% C1; 50% C11),466,21,9.920103057856128
Grp. B3 nude (50% C1; 50% C11),466,24,20.23296672237582
Grp. B3 nude (50% C1; 50% C11),466,28,28.592858209786304
Grp. B3 nude (50% C1; 50% C11),466,31,45.71672271336881
Grp. B3 nude (50% C1; 50% C11),467,7,1.0
Grp. B3 nude (50% C1; 50% C11),467,10,2.2496591928427545
Grp. B3 nude (50% C1; 50% C11),467,14,5.773395069864102
Grp. B3 nude (50% C1; 50% C11),467,17,11.59740497507414
Grp. B3 nude (50% C1; 50% C11),467,21,22.499370514918798
Grp. B3 nude (50% C1; 50% C11),467,24,33.12251080178914
Grp. B3 nude (50% C1; 50% C11),467,28,49.36221194500399
Grp. B3 nude (50% C1; 50% C11),467,31,81.89556820645713
Grp. B3 nude (50% C1; 50% C11),468,7,1.0
Grp. B3 nude (50% C1; 50% C11),468,10,1.68733146564071
Grp. B3 nude (50% C1; 50% C11),468,14,4.6029920806676685
Grp. B3 nude (50% C1; 50% C11),468,17,8.164011298311793
Grp. B3 nude (50% C1; 50% C11),468,21,18.154491411386868
Grp. B3 nude (50% C1; 50% C11),468,24,25.256473804781095
Grp. B3 nude (50% C1; 50% C11),468,28,44.57738962373881
Grp. B3 nude (50% C1; 50% C11),468,31,73.77776845887874
Grp. B3 nude (50% C1; 50% C11),469,7,1.0
Grp. B3 nude (50% C1; 50% C11),469,10,2.0925350224759236
Grp. B3 nude (50% C1; 50% C11),469,14,5.474107594421868
Grp. B3 nude (50% C1; 50% C11),469,17,8.556393917309466
Grp. B3 nude (50% C1; 50% C11),469,21,15.283843252536718
Grp. B3 nude (50% C1; 50% C11),469,24,19.740714866117056
Grp. B3 nude (50% C1; 50% C11),469,28,28.582603910253685
Grp. B3 nude (50% C1; 50% C11),469,31,44.2650670530987
Grp. B3 nude (50% C1; 50% C11),470,7,1.0
Grp. B3 nude (50% C1; 50% C11),470,10,2.2211268342861716
Grp. B3 nude (50% C1; 50% C11),470,14,5.824866290648624
Grp. B3 nude (50% C1; 50% C11),470,17,10.233070269054766
Grp. B3 nude (50% C1; 50% C11),470,21,18.321141366050735
Grp. B3 nude (50% C1; 50% C11),470,24,29.055141492359066
Grp. B3 nude (50% C1; 50% C11),470,28,62.34490291826302
Grp. B3 nude (50% C1; 50% C11),471,7,1.0
Grp. B3 nude (50% C1; 50% C11),471,10,2.4577785999249016
Grp. B3 nude (50% C1; 50% C11),471,14,6.6451775371442965
Grp. B3 nude (50% C1; 50% C11),471,17,8.44138522808883
Grp. B4 nude (20% C1; 80% C11),472,7,1.0
Grp. B4 nude (20% C1; 80% C11),472,10,1.8095310918343697
Grp. B4 nude (20% C1; 80% C11),472,14,3.8242463020813733
Grp. B4 nude (20% C1; 80% C11),472,17,6.48380958418101
Grp. B4 nude (20% C1; 80% C11),472,21,12.617577073399746
Grp. B4 nude (20% C1; 80% C11),472,24,21.85938294232891
Grp. B4 nude (20% C1; 80% C11),472,28,33.765364066947825
Grp. B4 nude (20% C1; 80% C11),472,31,57.09510470255204
Grp. B4 nude (20% C1; 80% C11),473,7,1.0
Grp. B4 nude (20% C1; 80% C11),473,10,1.8183492647072184
Grp. B4 nude (20% C1; 80% C11),473,14,4.101226119950163
Grp. B4 nude (20% C1; 80% C11),473,17,6.9634669325106024
Grp. B4 nude (20% C1; 80% C11),473,21,13.352474484421585
Grp. B4 nude (20% C1; 80% C11),473,24,23.26013296800387
Grp. B4 nude (20% C1; 80% C11),473,28,38.109521789838155
Grp. B4 nude (20% C1; 80% C11),473,31,56.793061340806936
Grp. B4 nude (20% C1; 80% C11),474,7,1.0
Grp. B4 nude (20% C1; 80% C11),474,10,1.9956401578975003
Grp. B4 nude (20% C1; 80% C11),474,14,4.66898994286478
Grp. B4 nude (20% C1; 80% C11),474,17,7.1087923959720545
Grp. B4 nude (20% C1; 80% C11),474,21,12.292458719763758
Grp. B4 nude (20% C1; 80% C11),475,7,1.0
Grp. B4 nude (20% C1; 80% C11),475,10,2.0156065566483186
Grp. B4 nude (20% C1; 80% C11),475,14,3.4167812158254325
Grp. B4 nude (20% C1; 80% C11),475,17,5.946760033192765
Grp. B4 nude (20% C1; 80% C11),475,21,11.296502387832577
Grp. B4 nude (20% C1; 80% C11),475,24,17.471216317964096
Grp. B4 nude (20% C1; 80% C11),475,28,23.979014172016253
Grp. B4 nude (20% C1; 80% C11),475,31,39.64562577066715
Grp. B4 nude (20% C1; 80% C11),476,7,1.0
Grp. B4 nude (20% C1; 80% C11),476,10,2.099872975547793
Grp. B4 nude (20% C1; 80% C11),476,14,4.747185709495754
Grp. B4 nude (20% C1; 80% C11),476,17,7.839607417867656
Grp. B4 nude (20% C1; 80% C11),476,21,12.489907158413455
Grp. B4 nude (20% C1; 80% C11),476,24,19.22690608467396
Grp. B4 nude (20% C1; 80% C11),476,28,37.908933152255926
Grp. B4 nude (20% C1; 80% C11),477,7,1.0
Grp. B4 nude (20% C1; 80% C11),477,10,2.082766911446863
Grp. B4 nude (20% C1; 80% C11),477,14,3.788438200765071
Grp. B4 nude (20% C1; 80% C11),477,17,6.045225909210992
Grp. B4 nude (20% C1; 80% C11),477,21,10.951415387864618
Grp. B4 nude (20% C1; 80% C11),477,24,17.209526586549476
Grp. B4 nude (20% C1; 80% C11),477,28,25.79371747271664
Grp. B4 nude (20% C1; 80% C11),477,31,35.33538796692855
Grp. B5 nude (100% C11),478,7,1.0
Grp. B5 nude (100% C11),478,10,2.1804083173923097
Grp. B5 nude (100% C11),478,14,3.7848689182729727
Grp. B5 nude (100% C11),478,17,5.984859376683709
Grp. B5 nude (100% C11),478,21,10.633718834415667
Grp. B5 nude (100% C11),478,24,17.29141627209371
Grp. B5 nude (100% C11),479,7,1.0
Grp. B5 nude (100% C11),479,10,2.2731245311327832
Grp. B5 nude (100% C11),479,14,4.014422960578854
Grp. B5 nude (100% C11),479,17,5.977301744791037
Grp. B5 nude (100% C11),479,21,8.604945399656366
Grp. B5 nude (100% C11),479,24,11.237153492002035
Grp. B5 nude (100% C11),479,28,19.449761633956875
Grp. B5 nude (100% C11),479,31,23.143903032209668
Grp. B5 nude (100% C11),479,35,33.04609152288072
Grp. B5 nude (100% C11),479,38,49.437963150061705
Grp. B5 nude (100% C11),480,7,1.0
Grp. B5 nude (100% C11),480,10,2.6310230116494635
Grp. B5 nude (100% C11),480,14,3.281566290073245
Grp. B5 nude (100% C11),480,17,5.845270413293414
Grp. B5 nude (100% C11),480,21,8.070687227458103
Grp. B5 nude (100% C11),480,24,15.18405080061588
Grp. B5 nude (100% C11),480,28,22.557065639124087
Grp. B5 nude (100% C11),480,31,34.09892484389306
Grp. B5 nude (100% C11),480,35,54.00913113479764
Grp. B5 nude (100% C11),480,38,75.38000505879626
Grp. B5 nude (100% C11),481,7,1.0
Grp. B5 nude (100% C11),481,10,1.6431318516601765
Grp. B5 nude (100% C11),481,14,2.8169027192452365
Grp. B5 nude (100% C11),481,17,4.5934673739483864
Grp. B5 nude (100% C11),481,21,7.08203125
Grp. B5 nude (100% C11),481,24,13.190631666266952
Grp. B5 nude (100% C11),481,28,20.809846510189526
Grp. B5 nude (100% C11),481,31,32.83746304955285
Grp. B5 nude (100% C11),481,35,50.62449904384431
Grp. B5 nude (100% C11),482,7,1.0
Grp. B5 nude (100% C11),482,10,2.133272600793301
Grp. B5 nude (100% C11),482,14,2.9974259261156755
Grp. B5 nude (100% C11),482,17,4.370810265331557
Grp. B5 nude (100% C11),482,21,7.819091750373049
Grp. B5 nude (100% C11),482,24,11.966456471394743
Grp. B5 nude (100% C11),482,28,17.741993684527007
Grp. B5 nude (100% C11),482,31,23.18367732219678
Grp. B5 nude (100% C11),482,35,38.536738566451916
Grp. B5 nude (100% C11),482,38,46.86734973170399
Grp. B5 nude (100% C11),483,7,1.0
Grp. B5 nude (100% C11),483,10,1.5962617894424196
Grp. B5 nude (100% C11),483,14,2.3657337508816254
Grp. B5 nude (100% C11),483,17,3.6000340121373875
Grp. B5 nude (100% C11),483,21,5.7061688842996166
Grp. B5 nude (100% C11),483,24,13.128805309227655
Grp. B5 nude (100% C11),483,28,23.517648545747168
